No,Matakuliah,Dosen,Program Studi,Jumlah Mahasiswa
1,Database Design,"Ardy Wicaksono, M.Kom.",Ilmu Komputer,44
2,Distributed Systems,"Nimas Ratna Sari, M.Sc.",Ilmu Komputer,24
3,Business Statistic A1,"Graceilla Kristia Seraphim B., S.E., M.B.A",Bisnis Digital,25
4,Business Process,"Dwi Utari Iswavigra, S.T., M.Kom.",Ilmu Komputer,44
5,Business Statistic A2,"Graceilla Kristia Seraphim B., S.E., M.B.A",Bisnis Digital,25
6,Database Management A2,"Nimas Ratna Sari, M.Sc.",Bisnis Digital,25
7,Programming and Algorithms A2,"Dwi Utari Iswavigra, S.T., M.Kom.",Bisnis Digital,25
8,Basic Programming,"Deny Prasetyo, S.Pd., M.Kom.",Ilmu Komputer,44
9,Programming and Algorithms A1,"Ardy Wicaksono, M.Kom.",Bisnis Digital,25
10,Artificial Intelegent,"Suyahman, M.Kom",Ilmu Komputer,36
11,UI/IX (A2),"Muhammad Anwar Fauzi, M. Kom",Bisnis Digital,25
12,Database Management A1,"Nimas Ratna Sari, M.Sc.",Bisnis Digital,25
13,Indirect,"Dwi Utari Iswavigra, S.T., M.Kom. & Ardy Wicaksono, M.Kom.",Ilmu Komputer,24
14,Business Intelligence,"Yulaikha Maratullatifah, S.Pd., M.Kom.",Ilmu Komputer,36
15,Network Security,"Suyahman, M.Kom",Ilmu Komputer,36
16,UI/IX (A1),"Muhammad Anwar Fauzi, M. Kom",Bisnis Digital,25
17,Mobile Dev (A1),"Muhammad Anwar Fauzi, M. Kom",Bisnis Digital,25
18,Mobile Dev (A2),"Muhammad Anwar Fauzi, M. Kom",Bisnis Digital,25
19,Web Programming II,"Muhammad Anwar Fauzi, M. Kom",Ilmu Komputer,36
20,Grafika Komputer,"Yulaikha Maratullatifah, S.Pd., M.Kom.",Ilmu Komputer,20
21,Digital Marketing (IT),"Ahmad Aufar Ribhi, S.E., M.M",Ilmu Komputer,36
22,Internet Of Things (IT),"Deny Prasetyo, S.Pd., M.Kom.",Ilmu Komputer,24