laboratorium,program,matakuliah,lab_id,program_id,matakuliah_id,tanggal,hari,jam
Laboratorium Analisis Zat Gizi (Health),Gizi,Analisis Zat Gizi (P) A,9,3,103,2026-05-14,Kamis,10:30
Laboratorium Analisis Zat Gizi (Health),Gizi,Analisis Zat Gizi (P) B,9,3,104,2026-05-14,Kamis,13:00
Laboratorium Dietetik dan Kuliner (Health),Gizi,Gizi Kuliner (P) A,5,3,101,2026-05-13,Rabu,08:50
Laboratorium Dietetik dan Kuliner (Health),Gizi,Asuhan Gizi dan Dietetik Penyakit Infeksi Defisiensi (P) B,5,3,109,2026-05-14,Kamis,13:00
Laboratorium Dietetik dan Kuliner (Health),Gizi,Asuhan Gizi dan Dietetik Penyakit Infeksi Defisiensi (P) A,5,3,110,2026-05-15,Jumat,08:50
Laboratorium Dietetik dan Kuliner (Health),Gizi,Gizi Kuliner (P) B,5,3,106,2026-05-15,Jumat,14:40
Laboratorium ICT (Comp - Lt 1),Ilmu Komputer,Indirect,1,2,86,2026-05-12,Selasa,08:50
Laboratorium ICT (Comp - Lt 1),Bisnis Digital,Mobile Dev (A2),1,1,91,2026-05-14,Kamis,13:50
Laboratorium ICT (Comp - Lt 1),Ilmu Komputer,Business Intelligence,1,2,87,2026-05-12,Selasa,13:50
Laboratorium ICT (Comp - Lt 1),Ilmu Komputer,Network Security,1,2,88,2026-05-13,Rabu,10:30
Laboratorium ICT (Comp - Lt 1),Ilmu Komputer,Web Programming II,1,2,92,2026-05-14,Kamis,10:30
Laboratorium ICT (Comp - Lt 1),Ilmu Komputer,Grafika Komputer,1,2,93,2026-05-15,Jumat,08:00
Laboratorium ICT (Comp - Lt 1),Bisnis Digital,UI/IX (A2),1,1,84,2026-05-11,Senin,13:00
Laboratorium ICT (Comp - Lt 1),Bisnis Digital,Database Management A1,1,1,85,2026-05-12,Selasa,10:30
Laboratorium ICT (Comp - Lt 1),Bisnis Digital,UI/IX (A1),1,1,89,2026-05-13,Rabu,13:50
Laboratorium ICT (Comp - Lt 1),Ilmu Komputer,Artificial Intelegent,1,2,83,2026-05-11,Senin,08:50
Laboratorium ICT (Comp - Lt 1),Bisnis Digital,Mobile Dev (A1),1,1,90,2026-05-14,Kamis,08:00
Laboratorium ICT 2  (Comp - Lt 2),Bisnis Digital,Business Statistic A2,3,1,77,2026-05-12,Selasa,08:00
Laboratorium ICT 2  (Comp - Lt 2),Bisnis Digital,Business Statistic A1,3,1,75,2026-05-12,Selasa,13:50
Laboratorium ICT 2  (Comp - Lt 2),Bisnis Digital,Database Management A2,3,1,78,2026-05-13,Rabu,08:00
Laboratorium ICT 2  (Comp - Lt 2),Bisnis Digital,Programming and Algorithms A2,3,1,79,2026-05-13,Rabu,10:30
Laboratorium ICT 2  (Comp - Lt 2),Ilmu Komputer,Database Design,3,2,73,2026-05-11,Senin,08:50
Laboratorium ICT 2  (Comp - Lt 2),Management Bisnis Internasional,Web Dev MBI,3,6,82,2026-05-14,Kamis,08:00
Laboratorium ICT 2  (Comp - Lt 2),Ilmu Komputer,Distributed Systems,3,2,74,2026-05-11,Senin,13:00
Laboratorium ICT 2  (Comp - Lt 2),Ilmu Komputer,Business Process,3,2,76,2026-05-12,Selasa,10:30
Laboratorium ICT 2  (Comp - Lt 2),Ilmu Komputer,Basic Programming,3,2,80,2026-05-13,Rabu,13:00
Laboratorium Internet of Things,Ilmu Komputer,Internet Of Things (IT),7,2,98,2026-05-12,Selasa,11:00
Laboratorium Kimia (Health),Gizi,Biokimia (P) B,6,3,102,2026-05-13,Rabu,13:00
Laboratorium Kimia (Health),Gizi,Biokimia (P) A,6,3,99,2026-05-12,Selasa,13:00
Laboratorium Multimedia,Bisnis Digital,Digital Marketing A1,2,1,94,2026-05-11,Senin,08:50
Laboratorium Multimedia,Bisnis Digital,Digital Marketing A2,2,1,95,2026-05-12,Selasa,09:40
Laboratorium Multimedia,Management Bisnis Internasional,Content Development (MBI),2,6,97,2026-05-12,Selasa,13:00
Laboratorium Multimedia,Ilmu Komputer,Digital Marketing (IT),2,2,96,2026-05-12,Selasa,08:00
Laboratorium PSG (Health),Gizi,"Konseling dan Konsultasi Gizi (P) A,B",10,3,108,2026-05-14,Kamis,08:50
Laboratorium Teknologi Pangan (Health),Gizi,Ilmu Bahan Pangan (P) A,11,3,105,2026-05-12,Selasa,14:40
Laboratorium Teknologi Pangan (Health),Gizi,Teknologi Pangan (P) B,11,3,111,2026-05-15,Jumat,10:30
Laboratorium Teknologi Pangan (Health),Gizi,Ilmu Bahan Pangan (P) A,11,3,105,2026-05-15,Jumat,13:00
Laboratorium Teknologi Pangan (Health),Gizi,Teknologi Pangan (P) A,11,3,107,2026-05-13,Rabu,13:00
